시트 EP,원제,새 제목안,반전,질문
70,반지 대신 청구서,"기념일 반지 선물, 일주일 뒤 ""반반 하자""?","반지 영수증 날짜가 전 여친 생일 직후였다는 걸 발견하고 반지를 그대로 돌려줌. ""환불해서 반반 하자""",여러분이라면 반반 하셨을까요?
73,빚 있는 남편의 비밀,우편함에서 나온 남편 명의 대출 4천만 원,"신용정보 조회 동의서를 부부가 함께 쓰고, 상환 계획을 시댁과 함께 세움. 시아버지가 일부 부담",여러분이라면 결혼 전에 확인하셨을까요?
74,SNS에 올린 시어머니,내 얼굴과 직장까지 올린 시어머니 SNS,"플랫폼의 초상권 신고 기능을 안내하며 ""어머님 계정이 정지될까 봐 먼저 말씀드려요"". 시어머니가 바로 삭제",여러분이라면 신고하셨을까요?
77,연봉을 흥정한 시댁,첫 인사 자리에서 제 연봉을 물은 시아버지,"""아버님 연금은 얼마세요?"" 대신 ""저희 둘이 정한 재정 계획이 있어요""라며 부부 가계부를 보여 줌. 시아버지가 사과",여러분이라면 대답하셨을까요?
80,데이트 통장을 검사한 남자,데이트 통장 지출을 매달 검사하는 남친,남친의 개인 카드 내역에서 데이트 통장으로 결제한 게임 아이템을 발견. 통장 해지,"여러분이라면 통장, 계속 쓰셨을까요?"
84,남편의 가족 단톡방,"시댁 단톡방에서 ""살이 더 쪘더라""","그 단톡방에 초대받은 날, 첫 메시지로 캡처 없이 ""저도 이제 같이 볼게요""라고 인사. 대화방이 조용해짐",여러분이라면 뭐라고 쓰셨을까요?
85,내 하객에게 연락한 예비신랑,제 친구들에게 축의금을 넉넉히 부탁한 예비신랑,친구들이 캡처를 보내 줌. 예비 시댁 상견례에서 조용히 보여 드리자 예비 시아버지가 아들을 불러냄,"여러분이라면 결혼, 하셨을까요?"
89,시어머니의 태교 간섭,병원까지 정해 준 시어머니,"주치의 소견서를 남편과 함께 시댁에 전달. ""의사 선생님 말씀대로 할게요""",여러분이라면 병원을 옮기셨을까요?
93,시어머니의 육아 훈수,"소아과 선생님 말씀보다 ""요즘 엄마들은""","영유아 검진 결과지를 보여 드리며 ""선생님이 잘 크고 있대요"". 시어머니가 결과지를 냉장고에 붙임",여러분이라면 뭐라고 하셨을까요?
94,동생에게 뺏긴 방,"월세 내고 사는 내 방, 동생에게 비우래요",1년치 월세 이체 내역을 보여 주고 독립 보증금으로 돌려 달라고 요청. 엄마가 적금으로 돌려줌,여러분이라면 방을 비우셨을까요?
