ID,제목안,훅,전개,사이다 반전,마지막 질문
W01,내 명품백 빌려 가서 중고로 판 시누이,"""시누이한테 빌려준 가방이 중고 앱에 올라와 있었어요.""","결혼식 하객룩으로 하루만 빌려 달라더니 ""잃어버렸다""",가방 안쪽 시리얼 번호가 찍힌 구매 영수증을 가족 단톡에 올림. 판매 글이 내려가고 시누이가 같은 가방을 사서 돌려줌,여러분이라면 단톡에 올리셨을까요?
W02,산후조리원비 내준다더니 친척 앞에서 생색낸 시댁,"""조리원비는 시댁에서 내 줬다고, 친척들이 저한테 고맙다고 하래요.""",실제로는 내 카드로 결제했는데 명절마다 생색,"조리원 결제 문자를 캡처해 두었다가, 친척이 ""시댁 덕에 편했지?"" 할 때 웃으며 보여 줌. ""제 카드로 했어요, 어머님이 알아봐 주신 건 감사해요""",여러분이라면 그 자리에서 말하셨을까요?
W03,"우리 결혼 축의금, 시댁이 전부 가져갔어요","""제 친구들이 낸 축의금까지 시어머니 통장으로 갔대요.""","""원래 부모가 받는 거야""",축의금 장부를 하객 명단별로 나눈 표를 준비. 내 하객분 합계만 정중히 요청하자 시아버지가 그 자리에서 이체,"여러분 집은 축의금, 누가 가져가셨나요?"
W04,"시아버지 칠순 여행, 비용은 우리만?","""형님네는 몸만 오고, 경비는 저희가 다 내래요.""",호텔·항공을 남편 카드로 예약하라는 통보,예약 전에 형제 단톡에 1/N 정산표와 예약 링크를 공유. 형님네가 조용히 입금,여러분이라면 표를 먼저 보내셨을까요?
W05,내 적금 깨서 시동생 차 사 준 남편,"""만기 한 달 남은 적금이 해지돼 있었어요.""","""동생이 급해서, 곧 갚는대""",차량 명의와 대출 서류를 확인하고 시동생과 상환 계약서를 작성. 매달 25일 자동이체가 들어옴,여러분이라면 계약서까지 쓰셨을까요?
W06,신혼집 인테리어를 마음대로 바꾼 시어머니,"""출장 다녀오니 신혼집 벽지가 꽃무늬가 돼 있었어요.""","""너희 바쁘니까 내가 해 줬다""",집 계약자가 나라는 걸 인테리어 업체가 확인하고 원상복구 견적서를 남편 앞으로 보냄. 남편이 어머님께 열쇠를 돌려받음,여러분이라면 그냥 사셨을까요?
W07,"명절 전 내가 다 부쳤는데 동서가 ""제가 했어요""","""제가 부친 전 세 판, 동서가 한 걸로 돼 있었어요.""",시어머니 칭찬은 동서에게,"조카가 찍은 타임랩스 영상을 가족 단톡에 ""어머님, 올해 전 사진이에요""로 공유. 시아버지가 ""큰애가 고생했네""","여러분이라면 영상, 올리셨을까요?"
W08,돌잔치 현수막에 시어머니가 지은 이름,"""돌잔치 현수막에 우리 아이 이름이 다른 이름으로 적혀 있었어요.""",작명소에서 받아 온 이름으로 부르라고 강요,"미리 준비한 이름 스티커를 현수막에 붙이고 주민등록등본을 액자로 선물. ""법적인 이름은 이거예요""",여러분이라면 그 자리에서 고치셨을까요?
W09,시댁에만 명절 선물 보낸 남편,"""택배 앱을 보니 시댁엔 한우, 친정엔 아무것도 없었어요.""","""처가는 네가 알아서 챙겨""",같은 한우 세트를 남편 이름으로 친정에 보내고 카드 결제 문자를 남편 폰으로 연결. 다음 명절부터 남편이 두 집 모두 주문,"여러분 집은 명절 선물, 누가 챙기세요?"
W10,매주 토요일 조카를 맡기는 시누이,"""토요일마다 조카를 맡겨 놓고 시누이는 필라테스를 가요.""","""어차피 집에 있잖아""",돌봄 시간표와 시간당 돌봄 비용을 계산한 표를 보여 주며 돌봄 서비스 앱을 추천. 시누이가 정식으로 신청,여러분이라면 몇 주를 참으셨을까요?
W11,시어머니 전용 카드키를 달라는 남편,"""이사하는 날, 시어머니 카드키를 따로 만들어 달래요.""",도어락 사건 이후에도 계속되는 요구,"관리사무소 방문자 사전 등록 시스템을 신청하고 어머님 번호를 등록. ""오시기 전에 문자 주시면 바로 열려요""","여러분이라면 카드키, 드리시겠어요?"
W12,상견례에서 예단 목록을 건넨 예비 시어머니,"""상견례 자리에서 A4 한 장짜리 예단 목록을 받았어요.""","예물은 ""형편껏""인데 예단은 목록대로","양가 동일 기준 비교표를 만들어 예비 신랑에게 먼저 보여 줌. 예비 시아버지가 ""우리도 같은 기준으로 하자""",여러분이라면 목록대로 하셨을까요?
W13,내 생일 선물을 시어머니께 드린 남편,"""제 생일 선물로 산 목걸이를 시어머니가 하고 계셨어요.""","""엄마가 예쁘다길래 드렸어""","선물 상자 속 카드 ""사랑하는 아내에게""를 시어머니가 먼저 읽고, 목걸이를 돌려주며 아들을 혼냄",여러분이라면 돌려받으셨을까요?
W14,친척 모임에서 친정 흉을 본 시어머니,"""친척들 앞에서 저희 친정이 '없는 집'이래요.""",모두 웃는데 남편도 같이 웃음,"그날 저녁, 친정엄마가 보낸 한우 선물 세트가 시댁으로 배송됨. 카드에 ""사돈어른, 늘 감사합니다"". 시어머니가 먼저 사과 전화",여러분이라면 웃고 넘기셨을까요?
W15,내 결혼반지를 끼고 나타난 형님,"""형님 손가락에 제 결혼반지가 있었어요.""","""서랍에 있길래 잠깐 껴 봤어""",반지 안쪽 각인(우리 이니셜과 날짜)을 가족 앞에서 확인. 형님이 그 자리에서 빼서 돌려줌,여러분이라면 뭐라고 하셨을까요?
W16,시댁 가족사진에서 나만 잘렸어요,"""시어머니 프로필 사진에서 저만 잘려 있었어요.""","""사진이 좁아서""",원본 사진을 가족 공유 앨범에 올리고 시아버지 생신 선물로 원본 액자를 드림. 시아버지가 거실에 걺,여러분이라면 그냥 넘어가셨을까요?
W17,남편 월급 통장을 관리하는 시어머니,"""결혼 3년 차인데 남편 월급 통장이 아직 시어머니 손에 있어요.""",생활비를 매달 시어머니에게 받아 씀,부부 공동 가계부와 신혼부부 청약 조건표를 보여 주자 남편이 은행에서 통장 명의·카드를 정리,여러분 집은 누가 돈 관리하세요?
W18,친정아빠 병원비에 반대한 남편,"""우리 돈으로 장인어른 병원비는 좀…""",남편이 반대,결혼 후 3년 동안 내 월급으로 갚아 온 시동생 학자금 이체 내역을 조용히 보여 줌. 남편이 먼저 병원비를 보냄,여러분이라면 내역을 보여 주셨을까요?
W19,"3년째 ""친정은 다음에""","""명절마다 친정은 다음에 가재요. 3년째요.""",매번 시댁에서 끝나는 연휴,"3년치 명절 캘린더 기록을 보여 주고 올해는 친정 먼저로 내비를 찍음. 시아버지가 ""공평하게 해라""",여러분 집은 어디부터 가세요?
W20,"새 차 산 날 ""형수 차 내가 탈게""","""차 뽑은 날, 시동생이 키를 달래요.""","남편이 ""가족인데"" 하며 허락하려 함","자동차보험 증권의 '부부 한정 특약'을 보여 주며 ""사고 나면 보상이 안 돼요"". 시동생이 렌터카 예약",여러분이라면 키를 주셨을까요?
W21,시어머니가 우리 집 냉장고를 정리하고 간 날,"""퇴근하니 냉장고의 제 식재료가 다 버려져 있었어요.""","""유통기한 지난 줄 알았다""",버려진 식재료 영수증(10만 원대)과 유통기한 사진을 남편에게 전달. 남편이 어머님께 다음부턴 먼저 연락해 달라고 부탁,"여러분이라면 영수증, 보내시겠어요?"
